data,method,threads,bits,value,median_ns
uniform,c-serial,1,415313603ab3c66d,5000576.9172226014,6440287
uniform,c-omp,1,415313603ab3c66d,5000576.9172226014,6666717
uniform,c-ompkahan,1,415313603ab3c75a,5000576.9172228221,23748861
uniform,sword-plain,1,415313603ab3c756,5.000576917222818e+6,6687661
uniform,sword-kahan,1,415313603ab3c75a,5.000576917222822e+6,24760680
uniform,sword-exact,1,415313603ab3c75a,5.000576917222822e+6,33756301
uniform,c-omp,2,415313603ab3c7e6,5000576.9172229525,3389540
uniform,c-ompkahan,2,415313603ab3c75a,5000576.9172228221,11927124
uniform,sword-plain,2,415313603ab3c756,5.000576917222818e+6,3383292
uniform,sword-kahan,2,415313603ab3c75a,5.000576917222822e+6,12406569
uniform,sword-exact,2,415313603ab3c75a,5.000576917222822e+6,18657267
uniform,c-omp,3,415313603ab3c7e6,5000576.9172229525,2178132
uniform,c-ompkahan,3,415313603ab3c75a,5000576.9172228221,7907639
uniform,sword-plain,3,415313603ab3c756,5.000576917222818e+6,2425242
uniform,sword-kahan,3,415313603ab3c75a,5.000576917222822e+6,9318029
uniform,sword-exact,3,415313603ab3c75a,5.000576917222822e+6,11696133
uniform,c-omp,4,415313603ab3c72a,5000576.9172227774,1706319
uniform,c-ompkahan,4,415313603ab3c75a,5000576.9172228221,5935745
uniform,sword-plain,4,415313603ab3c756,5.000576917222818e+6,1642748
uniform,sword-kahan,4,415313603ab3c75a,5.000576917222822e+6,6270931
uniform,sword-exact,4,415313603ab3c75a,5.000576917222822e+6,9340214
uniform,c-omp,6,415313603ab3c787,5000576.917222864,2200540
uniform,c-ompkahan,6,415313603ab3c75a,5000576.9172228221,7944151
uniform,sword-plain,6,415313603ab3c756,5.000576917222818e+6,1811849
uniform,sword-kahan,6,415313603ab3c75a,5.000576917222822e+6,7016783
uniform,sword-exact,6,415313603ab3c75a,5.000576917222822e+6,9348366
uniform,c-omp,8,415313603ab3c7bf,5000576.9172229161,1778009
uniform,c-ompkahan,8,415313603ab3c75a,5000576.9172228221,6004971
uniform,sword-plain,8,415313603ab3c756,5.000576917222818e+6,2021783
uniform,sword-kahan,8,415313603ab3c75a,5.000576917222822e+6,6297707
uniform,sword-exact,8,415313603ab3c75a,5.000576917222822e+6,9466961
uniform,c-omp,10,415313603ab3c745,5000576.9172228025,2008231
uniform,c-ompkahan,10,415313603ab3c75a,5000576.9172228221,7018678
uniform,sword-plain,10,415313603ab3c756,5.000576917222818e+6,1988902
uniform,sword-kahan,10,415313603ab3c75a,5.000576917222822e+6,7274741
uniform,sword-exact,10,415313603ab3c75a,5.000576917222822e+6,10107826
uniform,c-omp,16,415313603ab3c77c,5000576.9172228537,1773752
uniform,c-ompkahan,16,415313603ab3c75a,5000576.9172228221,6075757
uniform,sword-plain,16,415313603ab3c756,5.000576917222818e+6,2319951
uniform,sword-kahan,16,415313603ab3c75a,5.000576917222822e+6,8065723
uniform,sword-exact,16,415313603ab3c75a,5.000576917222822e+6,10363520
mixed,c-serial,1,424287818202f196,159165645829.88739,6514599
mixed,c-omp,1,424287818202f196,159165645829.88739,6828320
mixed,c-ompkahan,1,424287818202f289,159165645829.89481,23915350
mixed,sword-plain,1,424287818202f2a7,1.591656458298957e+11,6763758
mixed,sword-kahan,1,424287818202f289,1.591656458298948e+11,24791759
mixed,sword-exact,1,424287818202f289,1.591656458298948e+11,59794192
mixed,c-omp,2,424287818202f2e8,159165645829.89771,3390803
mixed,c-ompkahan,2,424287818202f289,159165645829.89481,11876340
mixed,sword-plain,2,424287818202f2a7,1.591656458298957e+11,3529088
mixed,sword-kahan,2,424287818202f289,1.591656458298948e+11,12597650
mixed,sword-exact,2,424287818202f289,1.591656458298948e+11,32983431
mixed,c-omp,3,424287818202f246,159165645829.89276,2334260
mixed,c-ompkahan,3,424287818202f288,159165645829.89478,7988826
mixed,sword-plain,3,424287818202f2a7,1.591656458298957e+11,2689375
mixed,sword-kahan,3,424287818202f289,1.591656458298948e+11,9326177
mixed,sword-exact,3,424287818202f289,1.591656458298948e+11,20652782
mixed,c-omp,4,424287818202f22b,159165645829.89194,1754427
mixed,c-ompkahan,4,424287818202f288,159165645829.89478,6004824
mixed,sword-plain,4,424287818202f2a7,1.591656458298957e+11,1917317
mixed,sword-kahan,4,424287818202f289,1.591656458298948e+11,6313460
mixed,sword-exact,4,424287818202f289,1.591656458298948e+11,16571538
mixed,c-omp,6,424287818202f2ae,159165645829.89594,2334777
mixed,c-ompkahan,6,424287818202f289,159165645829.89481,7960981
mixed,sword-plain,6,424287818202f2a7,1.591656458298957e+11,2022509
mixed,sword-kahan,6,424287818202f289,1.591656458298948e+11,7110508
mixed,sword-exact,6,424287818202f289,1.591656458298948e+11,16497921
mixed,c-omp,8,424287818202f371,159165645829.90189,2127942
mixed,c-ompkahan,8,424287818202f289,159165645829.89481,6100114
mixed,sword-plain,8,424287818202f2a7,1.591656458298957e+11,1935420
mixed,sword-kahan,8,424287818202f289,1.591656458298948e+11,7051660
mixed,sword-exact,8,424287818202f289,1.591656458298948e+11,16511361
mixed,c-omp,10,424287818202f22f,159165645829.89206,2147431
mixed,c-ompkahan,10,424287818202f289,159165645829.89481,7179212
mixed,sword-plain,10,424287818202f2a7,1.591656458298957e+11,2169719
mixed,sword-kahan,10,424287818202f289,1.591656458298948e+11,7173909
mixed,sword-exact,10,424287818202f289,1.591656458298948e+11,16419223
mixed,c-omp,16,424287818202f334,159165645829.90002,2172520
mixed,c-ompkahan,16,424287818202f28a,159165645829.89484,6576030
mixed,sword-plain,16,424287818202f2a7,1.591656458298957e+11,2790742
mixed,sword-kahan,16,424287818202f289,1.591656458298948e+11,7561945
mixed,sword-exact,16,424287818202f289,1.591656458298948e+11,16425496
