method,threads,bits,value,median_ns
c-thread,1,3fe7e63600a94cc9,0.74685192231336217,32212000
c-index,1,3fe7e57368b93006,0.74675913289820595,19985000
c-philox,1,3fe7e683c071e5f6,0.74688899599931236,59477000
sword-plain,1,3fe7e683c071e720,0.74688899599934544,158655000
sword-mix,1,3fe7e57368b92f0f,0.74675913289817852,70803000
sword-exact,1,3fe7e683c071e72d,0.74688899599934688,315093000
c-thread,2,3fe7e6c40f24efbe,0.74691966016643341,16444000
c-index,2,3fe7e57368b92e2c,0.74675913289815332,10112000
c-philox,2,3fe7e683c071e554,0.74688899599929437,30202000
sword-plain,2,3fe7e683c071e720,0.74688899599934544,80817000
sword-mix,2,3fe7e57368b92f0f,0.74675913289817852,37659000
sword-exact,2,3fe7e683c071e72d,0.74688899599934688,176164000
c-thread,3,3fe7e6c75c72b100,0.74692123466732596,11314000
c-index,3,3fe7e57368b92e9c,0.74675913289816576,6790000
c-philox,3,3fe7e683c071e75a,0.74688899599935188,20592000
sword-plain,3,3fe7e683c071e720,0.74688899599934544,62150000
sword-mix,3,3fe7e57368b92f0f,0.74675913289817852,29253000
sword-exact,3,3fe7e683c071e72d,0.74688899599934688,119223000
c-thread,4,3fe7e662e857fd73,0.7468733346903903,8521000
c-index,4,3fe7e57368b92f89,0.74675913289819207,5106000
c-philox,4,3fe7e683c071e6b7,0.74688899599933378,15442000
sword-plain,4,3fe7e683c071e720,0.74688899599934544,41674000
sword-mix,4,3fe7e57368b92f0f,0.74675913289817852,20119000
sword-exact,4,3fe7e683c071e72d,0.74688899599934688,89580000
c-thread,6,3fe7e66356e609bb,0.74687354061489175,8437000
c-index,6,3fe7e57368b92f14,0.74675913289817908,5776000
c-philox,6,3fe7e683c071e778,0.74688899599935521,16804000
sword-plain,6,3fe7e683c071e720,0.74688899599934544,36510000
sword-mix,6,3fe7e57368b92f0f,0.74675913289817852,16923000
sword-exact,6,3fe7e683c071e72d,0.74688899599934688,67222000
c-thread,8,3fe7e6b8e547b7e1,0.74691433697966769,6475000
c-index,8,3fe7e57368b92eef,0.74675913289817497,4389000
c-philox,8,3fe7e683c071e762,0.74688899599935277,12913000
sword-plain,8,3fe7e683c071e720,0.74688899599934544,29841000
sword-mix,8,3fe7e57368b92f0f,0.74675913289817852,13662000
sword-exact,8,3fe7e683c071e72d,0.74688899599934688,50414000
c-thread,10,3fe7e6aedf12e92f,0.74690955704799034,6148000
c-index,10,3fe7e57368b92edb,0.74675913289817275,4564000
c-philox,10,3fe7e683c071e778,0.74688899599935521,13130000
sword-plain,10,3fe7e683c071e720,0.74688899599934544,28059000
sword-mix,10,3fe7e57368b92f0f,0.74675913289817852,13907000
sword-exact,10,3fe7e683c071e72d,0.74688899599934688,45585000
c-thread,16,3fe7e62bdd680b53,0.74684708827440216,6487000
c-index,16,3fe7e57368b92f05,0.74675913289817741,4487000
c-philox,16,3fe7e683c071e714,0.74688899599934411,12010000
sword-plain,16,3fe7e683c071e720,0.74688899599934544,26269000
sword-mix,16,3fe7e57368b92f0f,0.74675913289817852,11838000
sword-exact,16,3fe7e683c071e72d,0.74688899599934688,40373000
